distance,time,pace,heart rate(bpm),Steps,average speed,running efficiency,,weight,calorie expenditure,Fatigue
9.644279126,44.22268074,4.585379598,144,153,13.08506716,9.086852196,8,62.5,368.5223395,8
6.639294869,30.35073209,4.571378842,155,187,13.12514278,8.467834051,8,62.2,251.7087381,5
8.790513425,23.40063217,2.662032471,130,178,22.5391691,17.33782238,8,61.5,191.8851838,6
6.189302719,52.62393075,8.502400535,132,182,7.056830568,5.346083764,8,63.1,442.7426707,10
9.386723966,30.25359277,3.223019328,135,173,18.61608445,13.78969219,8,62.5,252.1132731,5
8.855562915,47.7765657,5.395090765,162,181,11.12122161,6.864951611,8,62.2,396.2269849,9
7.228556722,40.92879529,5.662097825,171,183,10.59677912,6.196946854,8,61.5,335.6161214,8
6.975317011,21.18643027,3.037342996,167,189,19.75410748,11.82880687,8,63.1,178.2485,5
8.499067704,34.45863939,4.05440227,124,186,14.79872889,11.93445878,8,62.5,287.1553283,5
8.064242601,47.0060387,5.828946502,152,170,10.29345525,6.772010036,8,62.5,391.7169892,7
5.667657763,48.62178698,8.57881492,130,187,6.993973009,5.379979238,8,62.2,403.2366867,8
6.531498299,27.12980041,4.153687128,159,175,14.44499746,9.084904061,8,61.5,222.4643634,7
5.396481382,59.62239032,11.04838247,129,171,5.430659207,4.209813339,8,63.1,501.6230439,6
3.910381084,30.29608534,7.74760431,157,178,7.744329421,4.932693899,8,62.5,252.4673778,10
4.675330154,29.08278185,6.220476606,157,181,9.645563161,6.143670803,8,62.5,242.3565154,7
4.8525356,29.0142356,5.979190673,160,181,10.03480292,6.271751822,8,62.2,240.6247272,9
6.909684839,49.25852011,7.128909821,139,190,8.41643414,6.05498859,8,61.5,403.9198649,7
8.483429887,23.04258214,2.71618702,176,180,22.08978968,12.55101687,8,63.1,193.8649244,7
7.265495801,26.28839244,3.618251687,167,182,16.58259435,9.929697218,8,62.5,219.069937,10
5.934516205,55.98516065,9.433820503,159,182,6.360095571,4.000060108,8,62.2,464.303599,9
7.233516574,20.96877821,2.898835994,169,179,20.69796295,12.24731535,8,61.5,171.9439813,9
7.546272781,25.34241442,3.358269063,140,190,17.86634688,12.76167634,8,63.1,213.21418,6
4.332483687,20.16630487,4.654675315,178,182,12.89026537,7.241722116,8,62.5,168.0525406,8
4.504437446,22.81622233,5.065276764,127,186,11.84535472,9.327050957,8,62.5,190.1351861,8
7.27878997,23.10284085,3.173994709,162,190,18.9036232,11.66890321,8,62.5,192.5236738,6
8.250106731,47.45792042,5.752400783,150,184,10.43042762,6.953618412,8,62.5,395.4826702,8
8.85019421,40.69155843,4.597815309,150,182,13.04967598,8.699783986,8,62.5,339.0963203,8
7.697770616,54.39288642,7.066057062,156,176,8.491298538,5.443140089,8,62.5,453.2740535,9
3.339641806,51.2417332,15.34348178,131,181,3.910455323,2.985080399,8,62.5,427.0144433,9
6.500563689,34.12929231,5.25020505,127,175,11.42812508,8.998523683,8,62.5,284.4107693,7
5.566164188,35.84691821,6.440147469,165,183,9.316556847,5.646398089,8,62.5,298.7243184,10
3.997376672,59.05555744,14.77357835,159,184,4.061304485,2.554279551,8,62.2,489.767423,9
7.642992494,46.25309814,6.051700061,136,178,9.91456936,7.29012453,8,61.5,379.2754047,10
4.37282173,32.3848708,7.40594353,125,179,8.101601066,6.481280853,8,63.1,272.464713,6
3.469192985,57.98376464,16.71390577,152,170,3.589825193,2.361727101,8,62.5,483.1980387,5
9.308560089,22.24482451,2.389717024,133,183,25.10757525,18.87787613,8,62.2,184.4837446,6
3.366674971,51.56077106,15.31504274,179,177,3.917716786,2.188668595,8,61.5,422.7983227,5
7.93189974,57.30441352,7.224550914,166,188,8.305014486,5.003020775,8,63.1,482.1211324,7
9.105850312,24.58453878,2.69986195,120,187,22.22335849,18.51946541,8,62.5,204.8711565,9
6.888091941,30.83817409,4.477027071,159,182,13.40175055,8.428773929,8,62.5,256.9847841,5
8.643591087,48.08991213,5.563649604,125,180,10.78428806,8.627430448,8,62.2,398.8256713,8
4.360041803,48.00483218,11.01017705,179,174,5.44950365,3.044415447,8,61.5,393.6396239,8
6.581994894,53.48556721,8.126042039,178,188,7.383668422,4.148128327,8,63.1,449.9919055,9
3.375693953,43.45059745,12.87160449,144,187,4.661423526,3.237099671,8,62.5,362.0883121,6
9.643418652,58.07045911,6.021771034,166,177,9.963846127,6.002316944,8,62.5,483.9204926,5
9.829447392,30.36868793,3.08956208,129,182,19.420228,15.05444031,8,61.5,249.023241,7
4.22963168,24.32661548,5.751473726,143,173,10.43210886,7.295181019,8,63.1,204.6679249,9
7.944562855,48.86259531,6.150444801,169,185,9.755391998,5.772421301,8,62.5,407.1882943,5
3.622366949,44.85242547,12.38207672,137,190,4.845713797,3.53701737,8,62.5,373.7702123,7
5.297834963,41.28964923,7.793683555,138,170,7.698541976,5.578653606,8,62.5,344.0804103,5
5.630240153,22.40611362,3.97960176,145,173,15.07688548,10.39785206,8,62.5,186.7176135,9
6.326807958,48.20190381,7.618676611,141,176,7.875383491,5.585378362,8,62.2,399.7544556,10
7.4028411,33.46118909,4.520046917,160,178,13.2741985,8.296374062,8,61.5,274.3817505,7
6.669229444,20.16162062,3.02308097,128,184,19.84730167,15.50570443,8,63.1,169.6264348,5
9.163174331,34.49944023,3.765009699,179,175,15.93621393,8.902912808,8,62.5,287.4953353,9
7.041386027,37.70630327,5.35495471,140,184,11.20457656,8.003268968,8,61.5,309.1916868,7
3.384174505,42.94930269,12.69121986,161,181,4.727677927,2.936445917,8,63.1,361.3468,7
3.20251919,31.81523781,9.934440958,139,178,6.039595006,4.345032379,8,62.5,265.1269818,8
5.434875923,20.26174457,3.72809699,152,188,16.09400189,10.58815914,8,62.2,168.0374016,9
4.511534811,42.15308479,9.343402313,143,185,6.421643636,4.490659885,8,61.5,345.6552953,6
7.111554666,25.99242451,3.654956719,149,172,16.41606306,11.01749199,8,63.1,218.6829315,10
9.894859131,47.57621947,4.808175522,130,181,12.47874578,9.599035214,8,62.5,396.4684956,6
9.816354749,56.89733137,5.796177178,143,187,10.35165043,7.238916387,8,62.5,474.1444281,6
7.264291215,40.71953591,5.60543826,145,179,10.70389097,7.381993775,8,62.2,337.7006845,6
3.483627591,42.15426237,12.1006799,162,179,4.958399073,3.060740169,8,61.5,345.6649514,9
7.634142953,23.07861069,3.023078141,160,186,19.84732025,12.40457515,8,63.1,194.1680446,9
9.046086362,35.74993753,3.951978358,120,178,15.18226938,12.65189115,8,62.5,297.9161461,6
6.721251729,58.95663912,8.7716755,127,175,6.840198318,5.385982928,8,62.5,491.305326,10
6.68690599,43.34186007,6.481601526,128,181,9.256971407,7.232008912,8,63.1,364.6495161,7
3.685176768,42.06649758,11.41505557,143,188,5.256216201,3.675675665,8,62.5,350.5541465,8
3.858688463,22.72284658,5.888748677,173,173,10.18892184,5.889550196,8,62.5,189.3570548,10
5.300362295,42.48341816,8.015191377,140,190,7.485785077,5.346989341,8,62.5,354.0284847,6
5.115934568,25.33563959,4.95229938,137,189,12.11558417,8.843492099,8,62.5,211.1303299,8
4.132238647,43.80077667,10.59976938,144,183,5.660500513,3.930903134,8,62.2,363.2544412,6
8.041683807,45.9363614,5.71228147,157,181,10.50368409,6.690244644,8,61.5,376.6781635,10
9.813411447,22.94998159,2.3386344,161,183,25.65599822,15.93540262,8,63.1,193.0858451,5
3.236470313,26.91383644,8.315798953,154,170,7.215181649,4.685182889,8,62.5,224.2819703,6
7.805908927,32.01117196,4.100889757,143,179,14.63097122,10.2314484,8,62.2,265.4793195,9
3.700065006,25.53683493,6.901726021,143,184,8.693477519,6.079354908,8,61.5,209.4020464,9
8.242049235,44.47957463,5.396664514,163,173,11.11797849,6.820845701,8,63.1,374.2214879,7
4.382285538,55.5462029,12.67516743,121,190,4.733665283,3.912120069,8,62.5,462.8850242,9
6.482902587,21.09880389,3.254530453,149,186,18.43583917,12.37304642,8,62.5,175.8233658,8
4.328269444,43.19471004,9.979672153,154,176,6.012221552,3.904039969,8,62.2,358.2281286,5
4.776906379,22.38799687,4.6867146,173,187,12.80214502,7.400083829,8,61.5,183.5815743,7
4.259014528,59.43423127,13.95492569,120,174,4.299557111,3.582964259,8,63.1,500.0399991,5
6.238881966,43.79562989,7.019788181,167,170,8.547266449,5.118123622,8,62.5,364.9635824,6
9.825511219,28.23382874,2.87352262,150,178,20.880295,13.92019667,8,62.5,235.2819062,5
5.034092888,50.53805495,10.03915821,161,187,5.976596717,3.712171874,8,61.5,414.4120506,9
9.69130986,26.95560035,2.781419719,164,171,21.57171734,13.15348619,8,63.1,226.7864509,9
8.964915936,33.19685299,3.702974264,163,180,16.2031912,9.940608097,8,62.5,276.6404416,5
9.785821523,32.26445902,3.297061871,172,186,18.19802065,10.58024456,8,62.5,268.8704918,8
9.326505974,25.27297512,2.70980099,160,174,22.1418474,13.83865462,8,62.2,209.597207,7
3.244717946,27.31035271,8.416864937,154,174,7.128544945,4.628925289,8,61.5,223.9448922,10
7.472903257,27.60916244,3.694569766,166,176,16.24005061,9.78316302,8,63.1,232.2850867,9
8.616762995,44.5534798,5.170558808,162,186,11.60416161,7.16306272,8,61.5,365.3385344,5
9.614812071,20.96807911,2.180810083,166,181,27.51271212,16.57392296,8,63.1,176.4114389,9
4.681175256,44.88157487,9.587672415,163,184,6.258036091,3.839285945,8,62.5,374.0131239,8
5.32123712,42.49454762,7.985839883,168,184,7.513298648,4.472201576,8,62.2,352.4214483,10
7.538826208,28.81633874,3.822390641,144,172,15.69698276,10.90068247,8,61.5,236.2939777,10
8.513639928,32.3887232,3.80433322,131,182,15.77148912,12.03930467,8,63.1,272.4971245,10
5.233171994,46.0156574,8.79307186,130,188,6.823553924,5.248887634,8,62.5,383.4638117,9
3.840513726,43.26193178,11.26462106,175,185,5.326410867,3.043663353,8,62.5,360.5160982,6
4.169834895,29.96643549,7.186480099,170,186,8.349010805,4.911182827,8,62.2,248.5216383,9
4.741983391,39.69477093,8.370921544,168,177,7.167669615,4.266470009,8,61.5,325.4971216,8
6.250344432,43.87980167,7.02038138,163,186,8.546544233,5.243278671,8,63.1,369.1753981,5
6.573279077,54.45889939,8.284890806,155,190,7.24209907,4.672321981,8,62.5,453.8241616,6
8.041218566,41.64132838,5.178484833,166,179,11.58640064,6.979759424,8,62.2,345.3454167,10
7.341249892,48.60117925,6.620286731,137,170,9.063051562,6.615366104,8,61.5,398.5296699,9
9.926156701,48.96295854,4.932720691,179,176,12.1636727,6.795347877,8,63.1,411.9416912,10
7.376300413,53.66536118,7.275376296,180,173,8.246996108,4.581664504,8,62.5,447.2113432,5
9.202214734,56.08004568,6.094190073,176,185,9.845442837,5.594001612,8,62.5,467.333714,9
9.855296204,57.24099131,5.808145197,146,175,10.33032026,7.075561822,8,62.2,474.7186213,9
7.532156784,57.42698743,7.624242176,165,172,7.869634596,4.769475513,8,61.5,470.9012969,5
7.632636756,58.67275296,7.687088333,167,188,7.805296023,4.673829954,8,63.1,493.6334282,6
3.858674155,31.01944717,8.038887432,153,181,7.46371939,4.878247967,8,62.5,258.4953931,9
7.130585838,31.48637528,4.415678599,158,184,13.58794547,8.599965486,8,62.5,262.3864607,9
9.679277721,33.28037018,3.438311322,131,180,17.45042679,13.32093648,8,62.5,277.3364182,10
9.414063238,24.13375503,2.563585396,131,187,23.40472063,17.86619896,8,62.5,201.1146253,7
8.06236494,54.12302779,6.713046134,158,182,8.937820299,5.65684829,8,62.5,451.0252316,7
4.078076094,21.74094474,5.331176819,128,171,11.25455074,8.792617763,8,61.5,178.2757469,6
4.986874757,53.2117781,10.67036585,140,181,5.623049936,4.01646424,8,63.1,447.6884264,9
7.0629291,43.44381546,6.150962985,128,190,9.754570162,7.620757939,8,62.5,362.0317955,8
5.25152643,33.8068459,6.437527517,150,178,9.32034851,6.213565673,8,62.2,280.371442,6
8.610168302,58.22113419,6.761904315,173,173,8.873240024,5.129040476,8,61.5,477.4133004,10
8.208775559,37.59406063,4.579740347,130,188,13.10117942,10.07783033,8,63.1,316.2913634,9
7.375431458,37.24958386,5.050495564,163,178,11.88002231,7.288357248,8,62.5,310.4131988,8
3.317548004,28.58560772,8.616486539,144,188,6.963395083,4.83569103,8,62.5,238.2133977,7
7.051237078,30.31066882,4.298631359,125,185,13.95793102,11.16634482,8,62.2,251.3764801,5
4.062538408,27.50670333,6.770816807,132,180,8.861560092,6.7133031,8,61.5,225.5549673,8
6.70623254,37.04414933,5.523839072,143,188,10.86201086,7.595811792,8,63.1,311.6647764,7
3.242160567,56.69146034,17.48570411,125,188,3.431374547,2.745099637,8,62.5,472.4288362,5
8.049649507,35.03651151,4.352551186,144,187,13.78501882,9.572929733,8,62.5,291.9709293,8
8.682991293,34.4266229,3.964834438,140,177,15.13304047,10.80931462,8,62.2,285.5114593,8
5.894670848,24.4841177,4.153602183,130,187,14.44529287,11.11176375,8,61.5,200.7697651,10
4.565749098,46.61122341,10.20888849,168,178,5.877231401,3.498352025,8,63.1,392.1557596,6
7.443275748,35.26497574,4.737830081,139,175,12.6640253,9.110809566,8,62.5,293.8747978,6
6.896901233,38.94255143,5.646383805,157,183,10.62627021,6.768324972,8,62.5,324.5212619,6
6.706123148,57.22695406,8.533537604,132,178,7.03108169,5.326577038,8,62.5,476.8912838,6
7.583214416,39.56584097,5.217555353,144,175,11.49963842,7.985860014,8,62.5,329.7153414,8
5.051964555,34.77241015,6.882948162,154,179,8.71719481,5.660516111,8,62.5,289.7700846,8
5.080882176,21.96198844,4.322475444,165,184,13.88093484,8.412687784,8,61.5,180.0883052,9
5.135450331,50.22086816,9.77925302,160,179,6.135437939,3.834648712,8,63.1,422.5249041,5
3.384157,43.58189969,12.87821448,122,170,4.659030961,3.818877837,8,62.5,363.1824974,5
7.091151283,46.12861762,6.505095686,159,171,9.223538422,5.800967561,8,62.2,382.5600021,6
6.719081497,59.43487263,8.845684139,163,190,6.782968853,4.161330585,8,61.5,487.3659556,10
5.95424206,40.54826942,6.809980013,156,173,8.810598546,5.647819581,8,63.1,341.1461067,10
9.780483821,27.05210031,2.765926595,126,190,21.69254966,17.21630925,8,62.5,225.4341693,7
8.331109608,59.07517279,7.090912924,170,174,8.461533888,4.977372875,8,62.5,492.2931066,8
9.749477648,23.17576896,2.377129298,122,189,25.24052858,20.68895786,8,62.2,192.2043772,8
4.964951512,41.41522273,8.341516051,133,186,7.192937067,5.408223359,8,61.5,339.6048264,7
6.719445198,41.86793423,6.230861774,158,178,9.629486606,6.094611776,8,63.1,352.2488867,5
8.046692822,34.65115999,4.306261063,174,153,13.93320078,8.007586654,8,62.5,288.7596666,9
7.108871578,51.99537291,7.314152793,168,187,8.203274076,4.882901236,8,62.5,433.2947743,7
4.994556106,45.48757625,9.107431228,163,178,6.588026689,4.041734165,8,62.5,379.0631354,5
3.44539423,51.78325298,15.02970329,167,182,3.992094778,2.390475915,8,62.5,431.5271082,7
9.307099404,52.31334931,5.620800535,129,173,10.67463605,8.274911664,8,62.5,435.9445776,6
7.236356577,54.95644606,7.594491161,124,181,7.900463471,6.371341509,8,62.5,457.9703838,6
4.774856855,27.96941225,5.857644134,149,183,10.2430258,6.87451396,8,62.5,233.0784354,8
3.388826785,35.36664985,10.43625186,171,189,5.749190493,3.362099704,8,61.5,290.0065288,6
4.733085993,50.88612799,10.75115222,173,186,5.58079718,3.225894324,8,63.1,428.1219568,6
6.43656103,57.37711628,8.914250328,167,170,6.730795949,4.030416736,8,62.5,478.1426357,5
8.944277392,31.47621511,3.519145676,172,187,17.04959258,9.912553824,8,62.2,261.042744,7
9.073509922,59.91275097,6.603040222,180,175,9.086723385,5.048179659,8,61.5,491.284558,10
4.925470083,43.9613831,8.925317251,140,171,6.722450117,4.801750084,8,63.1,369.8617698,5
6.645551281,56.26603558,8.466722052,121,178,7.086567816,5.856667616,8,62.5,468.8836298,10
8.434978805,42.54924921,5.044381283,154,181,11.89442206,7.723650686,8,62.5,354.5770768,8
6.074860212,54.46866281,8.966241348,138,181,6.691767228,4.849106687,8,62.2,451.7267769,6
8.620357908,58.66323768,6.805197453,127,190,8.816790463,6.942354695,8,61.5,481.038549,9
3.888731066,57.21082028,14.71195084,122,180,4.078317053,3.34288283,8,63.1,481.3337013,6
6.61870336,27.76530676,4.194976757,120,182,14.3028206,11.91901717,8,62.5,231.3775563,9
3.521738149,48.13337651,13.66750578,123,182,4.389974364,3.569084849,8,62.5,401.1114709,10
9.03607629,45.93344619,5.083339794,154,179,11.80326369,7.664456939,8,62.5,382.7787183,6
3.967107774,53.93059604,13.59443683,133,190,4.413570105,3.318473763,8,62.5,449.4216337,10
5.110360145,36.25607893,7.09462306,180,182,8.457108925,4.698393847,8,62.5,302.1339911,10
5.907576108,24.32299744,4.117255029,138,186,14.57281601,10.5600116,8,62.5,202.6916453,10
3.4448569,46.77315532,13.5776773,162,190,4.419017973,2.727788872,8,62.5,389.7762943,6
7.150194723,46.34541483,6.481699677,125,184,9.25683123,7.405464984,8,61.5,380.0324016,9
3.797670734,26.3480745,6.937956539,141,182,8.648079541,6.133389746,8,63.1,221.6751335,10
9.180586194,51.53671367,5.613662634,124,176,10.68820909,8.619523462,8,62.5,429.4726139,9
4.349547103,46.24602667,10.63237748,166,181,5.643140502,3.39948223,8,62.2,383.5337145,10
4.114675003,35.71408324,8.679685082,142,175,6.912693195,4.868093799,8,61.5,292.8554826,6
9.64194886,35.58134775,3.690265139,130,183,16.25899434,12.50691872,8,63.1,299.3577391,8
3.817716478,38.46980957,10.07665441,123,184,5.954357228,4.840940836,8,62.5,320.5817464,5
4.988753698,37.78652325,7.574341316,126,178,7.921480891,6.286889596,8,62.5,314.8876938,5
7.50343933,47.22111481,6.293262694,125,179,9.53400532,7.627204256,8,62.2,391.6204455,10
5.636647583,25.84746469,4.585609497,128,170,13.08441114,10.2221962,8,61.5,211.9492105,6
3.266168563,50.77354927,15.5452936,147,183,3.859689082,2.625638831,8,63.1,427.1747945,5
7.540413024,49.98168724,6.628507892,122,177,9.051810902,7.419517132,8,62.5,416.5140603,9
3.244000149,26.76594935,8.250908791,140,188,7.271926222,5.194233016,8,62.5,223.0495779,7
9.503038578,35.60532075,3.746730108,152,187,16.01396372,10.53550245,8,62.5,296.7110063,6
9.640112436,43.01167757,4.46174024,139,182,13.44766768,9.674581062,8,61.5,352.6957561,10
7.697024743,37.10158862,4.820250663,150,180,12.44748545,8.298323634,8,63.1,312.1480323,10
4.262278136,38.70772558,9.08146403,157,174,6.606864246,4.208193787,8,62.5,322.5643798,6
5.754226631,42.04301412,7.306457812,124,188,8.211913562,6.622510937,8,62.2,348.6767304,7
3.766366923,55.86676033,14.83306366,160,187,4.04501736,2.52813585,8,61.5,458.1074347,5
9.793448645,38.58486964,3.939865418,154,177,15.22894658,9.888926353,8,63.1,324.6273699,10
5.548482755,43.79309132,7.8928048,144,182,7.601860368,5.2790697,8,62.5,364.9424277,10
9.61333482,57.22307377,5.952468612,124,173,10.07985156,8.128912545,8,62.5,476.8589481,6
5.177648512,38.94458725,7.521674591,144,185,7.976947059,5.539546569,8,62.2,322.9804436,6
8.38441934,57.73043952,6.885442769,123,190,8.714036556,7.084582566,8,61.5,473.3896041,5
7.62643781,20.39483386,2.674228043,161,170,22.43638128,13.93564055,8,63.1,171.5885355,7
6.022768737,32.18840056,5.344452355,135,173,11.22659461,8.315996007,8,62.5,268.2366713,10
4.722935784,22.81863911,4.831452333,129,176,12.41862609,9.626841932,8,62.5,190.1553259,7
5.956616322,48.94539193,8.216979118,175,178,7.30195357,4.172544897,8,63.1,411.7938974,7
4.713622534,28.75259079,6.099892509,160,184,9.836238901,6.147649313,8,62.5,239.6049233,5
7.147049161,51.03374248,7.140533292,159,175,8.402733737,5.284738199,8,62.5,425.2811873,9
3.722700648,47.01201826,12.62847129,124,184,4.751168896,3.831587819,8,62.5,391.7668188,7
9.538492908,50.34085849,5.277653292,154,181,11.3686892,7.382265717,8,62.5,419.5071541,10
9.119528779,46.97135966,5.150634511,179,178,11.6490502,6.507849275,8,62.5,391.4279972,6
8.014589833,46.51313811,5.803558145,160,188,10.3384852,6.46155325,8,62.5,387.6094843,7
5.061460315,31.56245918,6.235840492,152,185,9.621798389,6.330130519,8,62.5,263.0204932,6
9.719224876,24.20471511,2.490395625,136,172,24.09255758,17.71511587,8,62.5,201.7059593,9
8.920285999,38.75818666,4.34494888,140,181,13.8091383,9.863670216,8,62.5,322.9848888,10
5.891648307,37.58100397,6.378690989,148,187,9.406318647,6.355620708,8,61.5,308.1642326,6
6.685995165,20.20087817,3.021371938,132,179,19.85852825,15.04433959,8,63.1,169.9567217,10
8.298534381,53.592493,6.458067237,127,179,9.290705377,7.315516045,8,62.5,446.6041083,5
9.988948625,49.3348464,4.938942851,138,186,12.14834871,8.803151237,8,62.2,409.1503261,8
6.732857205,23.95743237,3.558286124,180,178,16.86205041,9.367805783,8,61.5,196.4509454,7
7.573244109,59.32106527,7.832979423,138,175,7.659920544,5.550667061,8,63.1,499.0878958,9
7.866482611,43.04588417,5.472062458,169,181,10.96478713,6.488039721,8,62.5,358.7157014,8
4.575754916,50.41581555,11.01803232,150,188,5.445618443,3.630412295,8,62.5,420.1317963,8
5.861152349,40.01928102,6.827886162,146,173,8.787492728,6.018830636,8,62.2,331.8932373,9
6.272328645,27.10713752,4.321702362,177,190,13.88341792,7.843738936,8,61.5,222.2785277,7
9.794708182,37.64879911,3.84378977,154,189,15.60959459,10.13610038,8,63.1,316.7518965,10
6.617956802,57.91709632,8.751507157,166,183,6.855961941,4.130097555,8,62.5,482.6424693,5
5.665558717,38.63063415,6.818503889,129,181,8.799584332,6.821383203,8,62.5,321.9219513,8
4.1489251,58.70836186,14.15025831,169,183,4.240205281,2.508997208,8,62.5,489.2363488,5
9.572566489,38.54059906,4.026151096,158,170,14.90257036,9.432006559,8,62.5,321.1716588,7
8.885856898,48.61967393,5.471579667,152,179,10.96575462,7.214312248,8,61.5,398.6813262,9
7.481968635,34.09514294,4.556974855,155,184,13.1666296,8.494599739,8,63.1,286.8538026,10
5.177305411,33.22372688,6.417185049,123,173,9.349894001,7.601539839,8,62.5,276.8643907,6
7.320446327,46.05567926,6.291375853,145,190,9.536864653,6.577148037,8,62.2,381.9551,10
4.854359053,41.69028188,8.588215544,131,186,6.986317435,5.333066744,8,61.5,341.8603114,7
7.277455417,22.90510373,3.147405572,171,176,19.06332013,11.14814043,8,63.1,192.7082727,9
8.863142492,21.26488646,2.399249079,143,187,25.00782454,17.48798919,8,62.5,177.2073872,6
8.67244804,31.25190547,3.603585207,139,174,16.650085,11.97847842,8,62.5,260.4325456,5
9.566274338,43.08482722,4.503825178,124,170,13.3220091,10.74355573,8,62.2,357.3168337,5
8.380914749,22.05446343,2.631510293,121,178,22.80059483,18.8434668,8,61.5,180.8466001,8
3.533935298,21.86029109,6.185820975,147,187,9.699601758,6.598368543,8,63.1,183.9179157,8
7.255969162,51.91398397,7.154658849,177,171,8.386144087,4.737934513,8,62.5,432.6165331,5
6.78624058,46.38903833,6.835749158,144,180,8.77738469,6.095406034,8,62.5,386.5753194,9
5.10135891,57.87042789,11.34412005,122,186,5.289083661,4.335314476,8,61.5,474.5375087,8
8.216044551,23.56949786,2.868715927,138,174,20.9152811,15.1560008,8,63.1,198.298042,10
8.678022612,34.61789525,3.989145546,146,174,15.04081496,10.30192805,8,62.5,288.4824604,9
3.043224662,44.84226696,14.73511552,135,176,4.071905639,3.0162264,8,62.2,371.8918673,9
3.737960762,40.73285981,10.89708063,141,186,5.506061857,3.905008409,8,61.5,334.0094504,10
7.023216681,23.88325009,3.40061416,176,181,17.64387172,10.02492711,8,63.1,200.9377441,9
3.858068879,28.76279625,7.4552314,144,184,8.048039931,5.588916619,8,62.5,239.6899688,10
3.061381317,49.75772844,16.25335863,179,184,3.691544706,2.062315478,8,62.5,414.647737,10
3.653356898,46.99930975,12.86469159,157,172,4.663928365,2.97065501,8,62.2,389.7809422,10
8.812560188,55.29532035,6.274603426,173,182,9.562357319,5.527374173,8,61.5,453.4216269,9
9.83515552,44.06260425,4.480112608,168,188,13.39252051,7.9717384,8,63.1,370.7133771,5
9.500351081,42.82224423,4.507438079,159,185,13.31133095,8.371906256,8,62.5,356.8520353,8
7.660502063,57.00006583,7.440774164,177,186,8.063677069,4.555749757,8,62.5,475.0005486,5
5.734666339,36.60213946,6.382610129,179,177,9.400542848,5.251699915,8,62.2,303.5537433,6
9.69575805,42.20730484,4.353172245,121,186,13.78305213,11.39095218,8,61.5,346.0998997,9
8.28741635,31.70348591,3.825496943,152,190,15.68423682,10.31857685,8,63.1,266.7319948,5
8.816330296,56.21353896,6.376069982,175,179,9.410185296,5.377248741,8,62.5,468.446158,5
6.0390945,51.45055548,8.51958112,141,170,7.042599766,4.994751607,8,62.5,428.754629,10
3.83887984,31.9356694,8.319007297,123,176,7.212399011,5.863739033,8,61.5,261.8724891,5
3.339625156,20.38378023,6.103613213,152,173,9.830242825,6.467265017,8,63.1,171.4955377,7
6.796433604,24.56292611,3.614090498,141,185,16.60168721,11.77424625,8,62.5,204.6910509,9
5.675378286,28.72547951,5.061421118,170,175,11.85437817,6.973163628,8,62.2,238.2299767,8
5.087373634,58.34403457,11.46839976,165,172,5.2317674,3.170768121,8,61.5,478.4210835,5
6.460851489,36.48046361,5.646386343,139,188,10.62626543,7.644795274,8,63.1,306.9223005,10
9.319352605,20.27029333,2.175075264,164,181,27.58525233,16.82027581,8,62.5,168.9191111,6
4.375688073,49.79663371,11.38029788,135,184,5.272269726,3.905384982,8,62.5,414.9719476,6
4.723556001,55.4883105,11.7471478,134,180,5.107622804,3.811658809,8,62.2,460.1830551,8
9.142208788,38.55434555,4.217180601,175,187,14.22751494,8.130008537,8,61.5,316.1456335,5
7.538209136,49.56070954,6.574599968,162,182,9.126030526,5.633352177,8,63.1,416.9707696,7
9.84204344,36.42829147,3.701293506,143,171,16.21054907,11.3360483,8,62.5,303.5690956,5
4.445930082,32.94294472,7.409685738,123,181,8.097509412,6.583340985,8,62.5,274.5245393,7
6.041521391,27.19122674,4.500725062,152,190,13.33118535,8.770516675,8,62.5,226.5935562,7
8.457461366,47.32297023,5.595410748,124,178,10.72307337,8.647639816,8,62.5,394.3580853,9
6.105776724,42.45449564,6.953168705,137,173,8.629159243,6.298656381,8,62.5,353.7874637,8
9.317085294,30.16991141,3.23812764,143,188,18.52922636,12.95750095,8,61.5,247.3932736,8
7.280657905,23.53589606,3.232660615,170,178,18.56056269,10.91797805,8,63.1,198.0153389,8
3.811863661,52.94337101,13.88910405,122,188,4.319933077,3.540928752,8,62.5,441.1947584,9
5.862553297,56.44731518,9.628452369,161,185,6.23153106,3.870516187,8,62.2,468.1364006,5
7.759285849,20.33771976,2.621081392,137,180,22.89131508,16.70898911,8,61.5,166.769302,5
6.599261227,41.84194235,6.34039795,132,188,9.463128416,7.169036679,8,63.1,352.0302083,10
9.523568385,22.51808188,2.364458464,153,188,25.37578938,16.58548326,8,62.5,187.6506823,5
9.956785345,32.92999454,3.307291802,160,187,18.14173154,11.33858222,8,62.5,274.4166212,8
5.542618914,39.67162536,7.157559626,144,177,8.382745396,5.821350969,8,62.2,329.010013,5
9.227635382,59.51728581,6.449895705,162,187,9.302476001,5.742269137,8,61.5,488.0417436,5
7.688649323,42.91482131,5.581581304,134,178,10.74964186,8.022120788,8,63.1,361.0566966,7
8.79615861,53.54860229,6.087725866,140,175,9.855897148,7.039926534,8,62.5,446.2383524,8
9.367571447,27.27419661,2.911554693,164,183,20.60754694,12.5655774,8,62.5,227.2849718,6
5.193244656,58.99585275,11.36011427,131,178,5.281637011,4.031783978,8,62.5,491.6321063,7
5.968602728,34.22615099,5.734365738,149,175,10.46323216,7.022303462,8,62.5,285.2179249,8
3.021381671,21.50381135,7.117211162,120,179,8.430268351,7.025223626,8,62.5,179.1984279,6
5.608940851,57.17771154,10.19403004,150,184,5.88579784,3.923865226,8,62.5,476.4809295,6
4.20324777,20.83469049,4.956807599,124,179,12.10456504,9.761746003,8,61.5,170.844462,9
9.364455824,48.94258533,5.226420654,175,170,11.48013219,6.560075539,8,63.1,411.7702846,7
8.645625279,51.83506543,5.995525339,135,171,10.00746333,7.412935803,8,62.5,431.9588786,5
9.148659142,57.86130799,6.324567031,176,190,9.486815414,5.390236031,8,62.2,479.8631143,10
9.925944645,59.26629971,5.970847292,178,173,10.04882508,5.645407346,8,61.5,485.9836576,8
7.976472318,24.92660407,3.125016057,127,190,19.19990135,15.11803256,8,63.1,209.7158289,10
13.31505608,54.06348356,12.32122177,167,174,14.77713444,8.848583496,10,62.5,563.1612871,8
14.58268858,56.04876957,13.94369456,177,189,15.61071405,8.81961246,10,62.5,583.8413497,5
16.41287951,56.43264545,9.945201684,158,152,17.45040947,11.04456296,10,62.2,585.0184245,1
13.33978801,33.34183914,4.224173467,146,156,24.00549284,16.44211838,10,61.5,341.7538512,3
15.33980716,49.73088925,5.244592518,170,169,18.50737929,10.8866937,10,63.1,523.0031853,1
16.88819501,55.27042825,6.986900513,159,165,18.33334267,11.53040419,10,62.5,575.7336276,2
16.49024477,58.27928,7.593745773,176,166,16.97712611,9.646094381,10,62.5,607.0758333,3
11.38855437,33.3852074,7.1573194,149,163,20.46754582,13.73660793,10,62.5,347.7625771,3
14.13422257,52.79860465,8.299907182,149,162,16.06204103,10.77989331,10,62.5,549.9854651,5
17.16424612,32.71329024,10.62235098,131,167,31.48123468,24.03147685,10,62.5,340.76344,5
11.86657959,51.73356152,6.418926536,135,152,13.7627249,10.19461104,10,61.5,530.2690056,4
11.86907563,54.16147496,10.81334566,158,150,13.14854402,8.321863305,10,63.1,569.5981783,2
19.62435291,21.51602067,3.485882328,142,162,54.72485794,38.53863235,10,62.5,224.1252153,2
12.47565098,23.80102337,3.116346278,160,161,31.44986865,19.65616791,10,62.2,246.7372756,4
14.72762655,27.13290849,3.953251645,134,170,32.56774309,24.30428589,10,61.5,278.112312,2
15.08358199,46.49106034,5.985033376,165,165,19.46642887,11.79783568,10,63.1,488.9309846,2
11.59625215,30.81522391,4.461395558,180,164,22.57894121,12.54385623,10,62.5,320.9919157,1
14.58268858,29.60486051,7.048815391,164,160,29.55465082,18.02112855,10,62.5,308.3839636,1
16.41287951,26.05561165,2.853617153,120,169,37.79503563,31.49586302,10,62.2,270.1098408,2
13.33978801,32.71066084,9.391191463,123,157,24.46869797,19.89325038,10,61.5,335.2842736,4
15.33980716,58.19315761,6.245651397,121,159,15.81609363,13.07115176,10,63.1,611.9980409,1
16.88819501,53.07161533,15.14550811,152,151,19.09291237,12.56112656,10,62.5,552.8293264,2
16.49024477,35.81690342,4.814471434,138,169,27.62423861,20.01756421,10,62.5,373.092744,3
11.38855437,22.82188418,5.05159294,170,161,29.94114144,17.61243614,10,62.5,237.7279602,4
14.13422257,49.85680377,15.4115275,140,167,17.00978182,12.14984415,10,62.5,519.3417059,4
17.16424612,46.76529459,8.181290739,174,157,22.0217744,12.65619218,10,62.5,487.1384853,3
11.86657959,39.06988705,4.275496756,177,167,18.22362001,10.29583051,10,62.5,406.9779901,3
11.86907563,42.49297958,4.707693099,158,167,16.75911044,10.60703193,10,61.5,435.5530407,2
19.62435291,54.64389285,8.609577976,128,151,21.54790066,16.83429739,10,63.1,574.6716065,4
12.47565098,24.78737041,2.745497253,175,169,30.19840533,17.25623162,10,62.5,258.2017751,4
14.72762655,41.80794058,4.371189758,161,164,21.13611866,13.12802401,10,62.2,433.408984,4
15.08358199,22.38249914,2.807487824,162,158,40.43404241,24.95928544,10,61.5,229.4206162,5
11.59625215,45.5831928,9.307604669,125,152,15.26385245,12.21108196,10,63.1,479.3832443,2
4.619022001,29.32976251,6.349777616,126,160,9.449149817,7.499325252,10,62.5,305.5183595,3
5.930918553,57.62849022,9.716621415,149,164,6.174985876,4.144285823,10,62.5,600.2967731,1
5.240821162,31.74959434,6.058133517,124,158,9.904040548,7.987129474,10,62.2,329.1374613,4
13.31505608,33.784646,5.774805534,141,166,23.64693609,16.77087666,10,61.5,346.2926215,3
14.58268858,21.48986586,4.63183278,174,166,40.71506637,23.39946343,10,63.1,226.001756,2
16.41287951,53.18754971,7.327420139,176,163,18.51509942,10.51994285,10,62.5,554.0369761,1
13.33978801,37.40276392,3.956214832,151,170,21.399148,14.17162119,10,62.5,389.6121242,1
15.33980716,28.71957296,3.770965255,173,157,32.04742741,18.52452451,10,62.5,299.1622183,1
16.88819501,24.34324953,4.495995067,139,154,41.62516181,29.94615957,10,62.5,253.5755159,5
16.49024477,46.72253783,6.327319117,159,169,21.17639007,13.31848432,10,62.5,486.6931024,3
11.38855437,55.11019756,11.45185348,153,150,12.39903489,8.103944371,10,61.5,564.879525,4
14.13422257,35.70257744,3.97536171,151,170,23.753281,15.73064967,10,63.1,375.4721061,5
17.16424612,43.77569466,5.736088982,164,167,23.52572073,14.34495166,10,62.5,455.9968194,5
11.86657959,54.8276995,10.0508064,125,162,12.9860414,10.38883312,10,62.2,568.3804848,4
11.86907563,36.65217709,9.668950403,136,151,19.42980184,14.286619,10,61.5,375.6848152,1
19.62435291,35.04139618,6.812462199,120,169,33.60200514,28.00167095,10,63.1,368.5186832,4
12.47565098,40.93258457,7.168048645,127,160,18.28711934,14.39930656,10,62.5,426.3810893,5
14.72762655,20.32188721,2.195928849,122,156,43.4830478,35.64184246,10,62.5,211.6863251,1
15.08358199,58.21332917,15.78788476,144,164,15.54652401,10.79619723,10,62.2,603.4781791,3
11.59625215,59.0413856,12.18724179,126,158,11.78453253,9.352803592,10,61.5,605.1742024,1
8.63363192,45.42503851,5.261405505,128,160,11.40379694,8.90921636,10,62.5,473.1774845,4
8.051868461,42.26970615,5.249676687,135,170,11.42927528,8.466129838,10,62.5,440.3094391,1
4.094532451,53.70305398,13.1157964,174,166,4.574636429,2.629101396,10,62.5,559.4068123,4
5.501791412,22.6265349,4.112575924,140,160,14.58939631,10.42099736,10,62.5,235.6930719,5
9.008517793,30.74612837,3.413006343,159,168,17.57980911,11.05648372,10,62.5,320.2721705,2
8.000938262,40.08017737,5.009434651,139,153,11.97739948,8.616834161,10,61.5,410.821818,4
9.200744681,34.22549162,3.719861034,141,150,16.12963481,11.43945731,10,63.1,359.9380869,3
8.032522061,46.78545174,5.824503361,137,169,10.30130747,7.519202535,10,62.5,487.3484556,3
9.722810565,45.54699383,4.684550164,128,161,12.80806009,10.00629695,10,62.2,472.1705027,2
5.733991822,33.9556865,5.921823322,124,167,10.13201454,8.170979467,10,61.5,348.0457866,5
9.979421787,29.91096865,2.9972647,140,158,20.01825197,14.29875141,10,63.1,314.563687,4
5.501513865,29.54955495,5.37116795,126,156,11.17075477,8.865678389,10,62.5,307.8078641,1
13.31505608,39.1762662,5.612903697,141,168,20.39253462,14.46279051,10,62.5,408.0861063,2
14.58268858,43.85296092,6.50543178,176,169,19.9521605,11.33645483,10,62.2,454.6090282,2
16.41287951,30.35422625,3.283790123,166,168,32.4426906,19.54378952,10,61.5,311.1308191,4
13.33978801,26.584623,7.229940262,121,167,30.10715181,24.88194365,10,63.1,279.5816186,3
15.33980716,55.34733902,6.878522292,154,166,16.62931671,10.7982576,10,62.5,576.5347815,2
16.88819501,47.10845289,7.543401014,167,154,21.50976393,12.88009816,10,62.5,490.7130509,2
16.49024477,57.05749699,8.212783399,148,151,17.34066053,11.71666252,10,62.5,594.348927,3
11.38855437,25.40658704,3.038302567,127,152,26.89512216,21.17726155,10,62.5,264.6519483,5
14.13422257,50.66335283,5.674781362,168,170,16.73898996,9.963684498,10,62.5,527.7432586,4
17.16424612,22.28354264,4.65270733,135,155,46.2159354,34.23402622,10,61.5,228.4063121,1
11.86657959,51.26040858,6.700165371,156,154,13.88976005,8.903692342,10,63.1,539.0886302,4
11.86907563,30.56453637,9.896994011,142,169,23.29970032,16.40823966,10,62.5,318.3805872,5
19.62435291,47.43494598,4.917648517,139,151,24.82265238,17.85802329,10,62.2,491.7422733,1
12.47565098,20.81189075,2.189731547,125,160,35.96689353,28.77351483,10,61.5,213.3218802,3
14.72762655,20.55203354,2.283508706,133,169,42.99611478,32.32790585,10,63.1,216.1388861,4
15.08358199,57.88360696,9.429641919,141,167,15.63508162,11.08871037,10,62.5,602.9542392,2
11.59625215,29.7000313,3.838741064,164,161,23.42674733,14.28460203,10,62.5,309.375326,2
15.33980716,25.47023892,3.52679107,135,157,36.13583809,26.76728747,10,62.2,264.0414768,3
16.88819501,30.14225403,3.690339326,134,151,33.61698497,25.08730221,10,61.5,308.9581038,1
16.49024477,22.91294121,3.324854744,151,156,43.18147885,28.59700586,10,62.5,238.6764709,4
11.38855437,58.98289583,13.0467512,140,151,11.5849392,8.274956573,10,62.5,614.4051649,2
14.13422257,37.06289802,5.220254566,126,151,22.88146366,18.15989179,10,62.5,386.0718544,2
17.16424612,38.01873723,5.04081596,143,167,27.08808451,18.94271644,10,62.5,396.0285128,3
11.86657959,54.14179212,11.54725098,151,164,13.15055796,8.708978782,10,62.5,563.9770013,3
11.86907563,43.28890989,9.637704326,129,160,16.45096953,12.75268956,10,62.5,450.9261447,3
19.62435291,45.3790936,5.238965763,127,159,25.94721668,20.43087928,10,61.5,465.1357094,5
12.47565098,46.70193006,7.254236901,126,158,16.02801122,12.72064382,10,63.1,491.1486311,2
14.72762655,22.43278893,3.725168262,174,156,39.39133898,22.63870056,10,62.5,233.6748847,3
15.08358199,30.10130383,4.388204176,126,155,30.0656385,23.86161786,10,62.2,312.050183,4
11.59625215,38.98226068,4.134353697,133,151,17.84850639,13.41992962,10,61.5,399.568172,3
15.33980716,35.03136604,6.127819234,180,162,26.27326689,14.59625939,10,63.1,368.4131995,4
16.88819501,23.32896241,4.902730692,162,167,43.43492363,26.81168125,10,62.5,243.0100251,4
16.49024477,29.92104551,3.73415241,125,157,33.06751717,26.45401374,10,62.5,311.6775574,4
11.38855437,24.31601012,8.083345537,141,155,28.10137267,19.93005154,10,62.2,252.0759716,2
14.13422257,35.4042855,7.748702453,148,160,23.95340966,16.18473625,10,61.5,362.8939264,2
17.16424612,35.32136635,4.336426622,129,163,29.15670807,22.60209928,10,63.1,371.4630361,2
11.86657959,30.68255467,6.143896316,132,156,23.20519862,17.57969593,10,62.5,319.6099445,5
11.86907563,28.64852772,8.487550493,166,156,24.8579803,14.97468693,10,62.5,298.4221638,5
19.62435291,45.12293768,11.85810716,137,157,26.09451501,19.04709125,10,62.5,470.0306008,2
12.47565098,35.51007383,3.738255532,142,167,21.07962553,14.84480671,10,62.5,369.8966024,4
14.72762655,49.69408204,9.546986548,157,169,17.78194821,11.32608166,10,62.5,517.6466879,4
15.08358199,34.57344709,3.672667295,139,152,26.17658913,18.83207851,10,61.5,354.3778327,2
11.59625215,49.98048689,9.072481466,145,151,13.92093539,9.6006451,10,63.1,525.6281205,3
16.41287951,52.36914471,9.759410135,136,162,18.80444632,13.82679877,10,62.5,545.5119241,3
13.33978801,52.55557309,5.590584037,162,156,15.22935121,9.40083408,10,62.2,544.8261077,4
15.33980716,21.27883876,6.182781327,127,168,43.25369631,34.05802859,10,61.5,218.1080973,4
16.88819501,52.98800189,7.527331029,177,165,19.1230404,10.80397762,10,63.1,557.2571532,3
16.49024477,37.89378609,5.355148155,167,159,26.11020931,15.63485587,10,62.5,394.7269384,3
11.38855437,59.00430104,12.85181331,153,156,11.58073649,7.569108818,10,62.5,614.6281358,5
14.13422257,55.95359334,6.585075419,124,168,15.15636983,12.2228789,10,62.2,580.052251,4
17.16424612,24.69173401,3.705635979,177,154,41.70848296,23.56411467,10,61.5,253.0902736,3
11.86657959,31.69042778,9.619617942,176,168,22.46718726,12.76544731,10,62.5,330.1086227,4
11.86907563,34.2312673,7.72286957,124,167,20.80391975,16.77735464,10,62.5,356.575701,3
19.62435291,50.99624136,5.517064712,147,163,23.08917566,15.70692222,10,62.5,531.2108475,5
12.47565098,51.4746336,12.91885963,134,167,14.54190164,10.8521654,10,62.5,536.1941,3
14.72762655,23.3536516,2.689222002,154,165,37.83809094,24.57018892,10,62.5,243.2672042,5
15.08358199,54.27747761,17.43685513,132,153,16.67385736,12.63171012,10,62.5,565.3903918,1
11.59625215,34.87758568,4.320716288,178,153,19.94906228,11.20733836,10,62.5,363.3081842,4
14.58268858,42.51335279,6.703395414,163,155,20.58085889,12.6262938,10,61.5,435.7618661,1
16.41287951,31.76804547,3.717559785,174,163,30.99884667,17.81542912,10,63.1,334.0939449,2
13.33978801,32.45629355,4.160835507,132,164,24.66046468,18.68217021,10,62.5,338.0863911,2
15.33980716,30.03794867,3.835085618,176,154,30.640855,17.4095767,10,62.2,311.3934012,5
16.88819501,27.56048535,6.553939272,159,167,36.76610509,23.12333653,10,61.5,282.4949748,3
16.49024477,31.18339734,5.250922097,144,157,31.72889328,22.03395366,10,63.1,327.9453954,5
11.38855437,26.83632941,3.158533793,171,169,25.46224753,14.89020323,10,62.5,279.545098,5
14.13422257,32.05194564,3.549489559,125,158,26.45871685,21.16697348,10,62.5,333.8744338,4
17.16424612,42.56598041,10.47813494,154,167,24.19431568,15.7105946,10,62.2,441.2673303,5
11.86657959,41.24737235,5.925783212,132,163,17.26157898,13.07695377,10,61.5,422.7855666,2
11.86907563,59.58694718,7.053669504,172,161,11.95135129,6.94846005,10,63.1,626.6560612,5
19.62435291,21.74742235,3.560270582,169,167,54.14256254,32.03701925,10,62.5,226.5356495,3
12.47565098,46.06395444,4.927481011,152,169,16.24999564,10.69078661,10,62.5,479.8328588,1
14.72762655,43.4521357,13.90721123,127,154,20.33634432,16.01286954,10,62.5,452.6264135,4
15.08358199,43.77993667,12.57140162,180,168,20.6719102,11.48439456,10,62.5,456.041007,3
11.59625215,42.723386,10.63361818,152,155,16.2855802,10.7141975,10,62.5,445.0352708,4
13.33978801,23.63981827,2.616345316,149,152,33.85759025,22.72321493,10,61.5,242.3081373,1
15.33980716,26.23895561,4.336237462,179,167,35.07717469,19.59618698,10,63.1,275.9463498,4
16.88819501,59.858309,6.299497077,129,162,16.92817117,13.12261331,10,62.5,623.5240521,1
16.49024477,39.18127959,7.650156485,120,156,25.25223006,21.04352505,10,62.2,406.1792651,3
11.38855437,39.98812478,11.86273009,170,161,17.08790462,10.0517086,10,61.5,409.878279,2
14.13422257,25.57644052,4.645173091,140,160,33.15759883,23.68399916,10,63.1,268.9788995,4
17.16424612,31.78702903,5.828071566,121,168,32.39858517,26.77569022,10,62.5,331.1148857,3
11.86657959,33.86595516,6.64548115,135,151,21.02390947,15.57326627,10,62.5,352.7703663,3
11.86907563,57.70202995,11.59489904,174,156,12.34175883,7.092964846,10,62.2,598.1777105,2
19.62435291,44.7946352,7.152334581,150,160,26.28576322,17.52384215,10,61.5,459.1450108,5
12.47565098,31.78702903,5.828071566,140,154,23.54856939,16.82040671,10,62.5,331.1148857,3
14.72762655,66.84881868,4.270736237,110,156,13.21874658,12.01704234,10,62.5,696.3418613,3
15.08358199,72.55010808,6.150405609,111,152,12.47434281,11.23814668,10,62.5,755.7302925,5
11.59625215,43.12625878,2.90003347,115,156,16.13344511,14.02908271,10,62.5,449.2318623,4
12.17075579,47.04587902,3.865485415,109,169,15.52198328,14.24035163,10,62.5,490.0612398,3
12.43769235,74.17471093,5.963703623,105,165,10.06086214,9.581773467,10,62.5,772.6532389,1
19.17545195,62.41936196,3.255170315,100,166,18.43221528,18.43221528,10,62.5,650.2016871,1
10.19964986,71.91846573,7.051072022,104,163,8.509344372,8.182061896,10,62.5,749.1506847,1
11.32763531,63.67812599,5.621484471,108,162,10.67333732,9.882719741,10,62.5,663.3138124,2
14.66626765,42.58378002,2.903518539,113,167,20.66458305,18.28724164,10,62.5,443.5810419,2
13.09676305,51.7549872,3.951738837,117,152,15.18318959,12.97708512,10,62.5,539.11445,2
14.45159344,77.99827282,5.397209184,119,150,11.1168565,9.341896221,10,62.5,812.4820085,3
17.21601932,79.94446861,4.643609368,111,162,12.92098349,11.64052567,10,62.5,832.7548814,5
19.404596,79.36475784,4.089997949,106,161,14.66993401,13.83956038,10,62.5,826.7162275,4
19.91625691,66.20080624,3.323958239,119,170,18.0507683,15.16871286,10,61.5,678.558264,4
15.38186082,76.47433771,4.971722121,120,165,12.06825292,10.05687743,10,63.1,804.2551183,2
16.08757601,40.8939898,2.541960939,107,164,23.60382456,22.05964912,10,62.5,425.9790604,1
13.31505608,47.84796359,3.59352325,104,160,16.69670567,16.05452468,10,62.2,496.0238892,1
14.58268858,44.37926094,3.043283871,110,169,19.71554497,17.9232227,10,61.5,454.8874246,5
16.41287951,57.47029515,3.501536406,107,157,17.13533519,16.01433195,10,63.1,604.3959373,2
13.33978801,79.39278892,5.951578006,110,159,10.08135993,9.16487266,10,62.5,827.0082179,2
15.33980716,62.12924776,4.050197444,112,151,14.8140926,13.22686839,10,62.5,647.1796642,5
16.88819501,48.51951643,2.872984141,119,169,20.88420857,17.5497551,10,62.2,502.9856537,5
16.49024477,76.98597671,4.668576954,120,161,12.85188197,10.70990164,10,61.5,789.1062613,5
11.38855437,66.08713531,5.802943301,111,167,10.3395806,9.314937478,10,63.1,695.016373,2
14.13422257,70.81484304,5.010168948,105,157,11.97564406,11.40537529,10,62.5,737.654615,4
17.16424612,74.77655926,4.356530357,116,167,13.77242785,11.87278263,10,62.5,778.9224923,3
11.86657959,45.92131391,3.869802039,112,167,15.50466907,13.84345453,10,62.5,478.3470199,1
11.86907563,58.26347129,4.908846578,100,151,12.22283057,12.22283057,10,62.5,606.9111593,1
19.62435291,41.6565975,2.122699163,100,169,28.26589893,28.26589893,10,62.5,433.9228906,4
12.47565098,50.42763634,4.042084572,103,164,14.84382599,14.41148154,10,61.5,516.8832725,1
14.72762655,46.67093051,3.168937665,114,158,18.93378991,16.60858764,10,63.1,490.8226192,1
15.08358199,78.95034558,5.234190767,102,152,11.46309003,11.23832356,10,62.5,822.3994331,1
11.59625215,40.47604851,3.490442257,110,160,17.18979877,15.62708979,10,62.2,419.6017029,2
14.74212985,47.08466593,3.193884901,109,164,18.78589926,17.23476997,10,61.5,482.6178258,4
10.17844179,44.41105806,4.363247242,105,158,13.75122625,13.09640595,10,63.1,467.0562939,2
19.9212981,60.54075513,3.038996497,104,166,19.74335939,18.98399941,10,62.5,630.6328659,3
19.486254,78.27977039,4.017179003,108,166,14.93585423,13.82949466,10,62.5,815.4142749,3
15.69196257,43.95765373,2.801284641,115,163,21.4187445,18.62499522,10,62.2,455.6943437,1
16.59964434,43.78631803,2.637786518,119,170,22.74634418,19.11457494,10,61.5,448.8097598,4
17.74142483,61.75591626,3.480888195,112,157,17.23697994,15.39016066,10,62.5,643.2907944,4
13.70260618,51.33866916,3.746635383,119,154,16.01436859,13.4574526,10,62.5,534.7778038,3
15.90428767,75.26672908,4.732480362,120,169,12.67834104,10.5652842,10,62.5,784.0284279,3
10.41621629,73.77023779,7.082249035,111,150,8.471885087,7.632328907,10,62.5,768.439977,5
18.45142066,74.60439862,4.043287505,115,170,14.83940974,12.90383456,10,62.5,777.1291523,4
11.77879054,54.93840943,4.664180864,116,167,12.86399515,11.08965099,10,62.5,572.2750982,1
11.24092477,68.69235297,6.11091653,102,162,9.818494447,9.625974948,10,62.5,715.5453434,4
16.15943135,54.68376196,3.384015239,115,151,17.7304166,15.41775357,10,61.5,560.5085601,4
11.23772359,72.73004798,6.471955587,116,169,9.270768192,7.992041545,10,63.1,764.8776713,4
18.34976193,67.76765077,3.6931079,107,160,16.24647901,15.18362524,10,62.5,705.9130289,2
13.3159647,63.36632659,4.758673368,111,156,12.60855607,11.35905953,10,62.2,656.8975856,4
12.42223172,62.3328606,5.017847194,116,164,11.95731908,10.30803369,10,61.5,638.9118212,2
18.36671091,41.62913222,2.266553464,114,158,26.47191031,23.22097396,10,63.1,437.7997072,1
19.57339194,51.2956858,2.620684548,109,160,22.89478146,21.00438666,10,62.5,534.3300604,4
12.44991422,52.69062381,4.232207779,114,170,14.17699771,12.43596291,10,62.5,548.8606647,2
17.77939602,42.49151988,2.389930447,116,166,25.10533312,21.64252855,10,62.2,440.4954228,1
11.99361249,72.78447448,6.068603143,115,160,9.886953977,8.597351284,10,61.5,746.0408634,1
10.19560454,56.76864437,5.567952755,119,168,10.77595351,9.055423115,10,63.1,597.01691,3
19.75875109,49.52369992,2.506418533,114,153,23.93853988,20.99871919,10,62.5,515.8718742,3
12.07735723,43.05581703,3.565003187,119,150,16.83027948,14.143092,10,62.5,448.4980941,2
11.60111153,48.36135421,4.168682811,109,169,14.39303558,13.2046198,10,62.5,503.7641064,4
11.06480949,64.67453676,5.845065548,106,161,10.2650688,9.684027169,10,62.5,673.6930913,5
13.06296134,48.4730969,3.710728037,101,167,16.16933372,16.00924131,10,62.5,504.9280927,4
15.3420096,76.91618012,5.013435796,114,158,11.96784051,10.49810571,10,61.5,788.3908462,5
19.03432403,65.34220123,3.432861662,114,156,17.4781293,15.33169237,10,63.1,687.1821496,2
19.57226652,59.11112062,3.020146928,106,168,19.86658312,18.74205955,10,62.5,615.7408398,5
14.25762464,47.2699714,3.315417021,105,169,18.09727091,17.23549611,10,62.2,490.0320368,5
19.25527547,59.19299495,3.074118313,117,168,19.51779141,16.681873,10,61.5,606.7281982,5
13.20846144,54.87795063,4.154757228,117,167,14.441277,12.3429718,10,63.1,577.1331141,2
10.24904527,44.94786796,4.385566338,110,166,13.68124327,12.43749389,10,62.5,468.2069579,3
16.28760101,43.11501352,2.64710644,106,154,22.66625894,21.38326315,10,62.5,449.1147242,2
16.88826993,58.24247886,3.448694219,115,151,17.39788923,15.12859933,10,62.2,603.7803642,2
14.55909914,45.83908403,3.148483542,107,152,19.05679328,17.81008718,10,61.5,469.8506113,3
19.96662949,43.24987553,2.166107983,112,170,27.69945011,24.73165188,10,62.5,450.5195368,1
10.01712592,48.87842561,4.87948599,115,155,12.29637714,10.69250186,10,62.5,509.1502668,5
17.75342265,71.72790595,4.040229728,114,154,14.85064069,13.0268778,10,62.5,747.165687,3
19.33854724,77.64446627,4.015010296,115,169,14.94392183,12.99471463,10,62.5,808.7965236,2
16.0884096,77.28883295,4.804007039,107,151,12.48957371,11.67249879,10,62.5,805.0920099,3
11.34059837,69.82037797,6.156674958,112,160,9.745520176,8.7013573,10,62.5,727.2956039,2
17.00719742,70.72867886,4.1587498,106,169,14.42741278,13.61076677,10,61.5,724.9689583,5
11.77738535,50.97724308,4.328400708,112,167,13.86193286,12.37672577,10,63.1,536.1106731,5
13.33414412,65.344126,4.900511457,114,161,12.24361999,10.74001753,10,62.5,680.6679792,5
18.83963874,51.09538225,2.712121127,105,157,22.12290572,21.06943402,10,62.2,529.688796,3
18.05284131,40.99416937,2.270787665,110,151,26.42254972,24.02049975,10,61.5,420.190236,5
19.39089146,79.70179424,4.110269732,110,156,14.59758213,13.27052921,10,63.1,838.1972028,3
17.87845813,61.36593788,3.432395425,106,151,17.48050343,16.49104097,10,62.5,639.2285196,2
10.62032725,57.30103118,5.395411065,114,151,11.12056139,9.754878413,10,62.5,596.8857415,5
16.59550873,77.38619698,4.663080731,107,167,12.86703007,12.02526175,10,62.2,802.2369087,3
16.6019188,57.61303986,3.470263922,105,164,17.28975125,16.46642976,10,61.5,590.5336586,2
15.43297751,65.40996544,4.238324419,112,160,14.15653784,12.63976592,10,63.1,687.8948032,5
17.51785041,43.47896078,2.481980366,100,159,24.17424441,24.17424441,10,62.5,452.9058415,2
14.92546334,75.95965751,5.089266293,112,158,11.78951867,10.52635596,10,62.5,791.2464324,2
10.55923912,71.33620541,6.755809258,102,156,8.881245415,8.707103348,10,62.5,743.085473,4
12.64537674,55.26768522,4.370584313,117,155,13.72814152,11.73345429,10,62.5,575.7050544,5
11.629648,51.08223862,4.392414854,119,151,13.65991192,11.47891758,10,62.5,532.1066523,3
17.85858721,50.36510148,2.820217573,114,162,21.27495431,18.66224062,10,61.5,516.2422902,3
11.40566396,47.42078032,4.15765189,116,167,14.43122262,12.44070915,10,63.1,498.7085397,4
10.57023012,52.44132059,4.961227902,110,157,12.09378025,10.99434568,10,62.5,546.2637561,2
15.82153656,73.65204998,4.655176804,119,155,12.88887674,10.83098885,10,62.2,763.5262515,3
14.10600542,45.18412968,3.203183917,103,160,18.73136279,18.18578911,10,61.5,463.1373292,5
17.67850471,41.16314126,2.328428898,113,163,25.76844843,22.80393666,10,63.1,432.8990356,2
16.50479359,43.49147757,2.635081579,101,156,22.76969353,22.54425102,10,62.5,453.0362247,2
12.94743647,66.59170386,5.14323465,111,156,11.66581035,10.50973906,10,62.5,693.6635819,4
15.30892391,62.00276379,4.05010595,120,157,14.81442727,12.34535606,10,62.2,642.7619846,2
11.26040724,54.18064501,4.811606173,102,167,12.46984849,12.22534166,10,61.5,555.3516114,3
11.33714991,55.26317665,4.874521117,115,169,12.30890144,10.70339256,10,62.5,575.6580901,4
14.80700097,74.84412347,5.054644329,118,152,11.8702714,10.05955203,10,62.5,779.6262861,5
11.59605562,43.84583013,3.781098639,110,151,15.86840379,14.42582163,10,62.5,456.7273972,4
12.33346542,49.23214852,3.991753075,119,162,15.03098986,12.63108392,10,62.5,512.8348804,5
16.06933705,59.6750035,3.713594612,101,156,16.15685239,15.99688356,10,62.5,621.6146198,5
10.54112288,58.75971904,5.574332041,115,168,10.76362146,9.359670834,10,62.5,612.0804067,3
19.88401839,48.35923615,2.432065552,113,165,24.67038767,21.83220148,10,61.5,495.6821705,4
11.42913274,76.78731289,6.718559895,101,159,8.93048524,8.842064594,10,63.1,807.5465739,3
19.1417466,72.38412054,3.781479406,108,156,15.86680597,14.69148701,10,62.5,754.0012556,4
12.72605761,62.95371676,4.946835752,104,168,12.12896547,11.6624668,10,62.2,652.6201971,4
11.72367551,55.33823188,4.720211833,120,154,12.71129392,10.59274494,10,61.5,567.2168768,1
12.32087602,64.5451896,5.238685099,100,168,11.45325571,11.45325571,10,63.1,678.800244,4
18.25564045,60.425967,3.309988886,114,167,18.12694908,15.90083253,10,62.5,629.4371563,1
15.76276595,64.29710259,4.079049501,114,163,14.70930911,12.90290273,10,62.5,669.7614853,2
16.71333709,55.65594285,3.330031731,102,167,18.01784633,17.66455522,10,62.2,576.9666075,3
11.6082311,79.11635351,6.815539149,104,165,8.803412128,8.464819354,10,61.5,810.9426235,1
18.7735575,65.88685891,3.509556402,120,153,17.09617773,14.24681478,10,63.1,692.9101329,4
16.14377156,56.23708,3.483515596,107,153,17.22397915,16.09717678,10,62.5,585.8029167,3
11.92512866,40.9806177,3.436492709,108,155,17.45966166,16.16635339,10,62.5,426.8814344,3
10.07560318,71.8213647,7.128244673,108,163,8.417219491,7.793721751,10,62.5,748.1392156,5
17.86113354,69.86138569,3.911363493,119,164,15.33991921,12.89068841,10,62.5,727.7227676,4
11.30370304,47.43339616,4.196270549,116,154,14.29841077,12.32621618,10,62.5,494.0978767,4
18.31064572,57.63168351,3.147441352,113,167,19.06310342,16.87000303,10,61.5,590.724756,3
15.3349281,65.229156,4.253632986,120,157,14.10558932,11.75465776,10,63.1,685.9932906,2
16.06052773,40.21263953,2.503818069,104,169,23.96340243,23.04173311,10,62.5,418.8816618,4
13.16191466,72.02695224,5.472376481,106,158,10.96415793,10.34354522,10,62.2,746.6794049,2
17.54004187,68.63281536,3.912921979,102,167,15.33380944,15.03314651,10,61.5,703.4863574,5
10.85794835,64.48882706,5.939319746,109,163,10.10216701,9.268043125,10,63.1,678.2074979,2
13.07528092,64.77828599,4.954255775,103,161,12.11079983,11.75805809,10,62.5,674.7738124,4
18.76474091,51.92732699,2.767281853,103,167,21.68192587,21.05041347,10,62.5,540.9096561,1
13.70356495,52.86230153,3.857558359,113,169,15.55388005,13.76449562,10,62.2,548.0058592,2
19.73078254,45.2906946,2.295433266,114,154,26.13885618,22.92882121,10,61.5,464.2296197,1
13.86519329,62.312468,4.494165115,112,168,13.35064433,11.92021815,10,62.5,649.0882083,2
17.16547722,68.99267837,4.019269461,115,155,14.92808596,12.98094431,10,62.5,718.673733,2
17.94352056,79.47525291,4.429189504,117,152,13.54649648,11.57820212,10,62.5,827.8672178,5
16.44689733,66.29385574,4.03078188,108,167,14.88544947,13.78282358,10,62.5,690.5609973,5
10.84317176,49.39696288,4.555582441,101,162,13.17065398,13.04025146,10,62.5,514.5516967,3
12.79468522,48.26369392,3.772167356,112,156,15.90597509,14.20176347,10,61.5,494.7028627,5
17.54626847,73.50391354,4.18914789,110,161,14.32272185,13.02065622,10,63.1,773.0161574,3
17.59722137,53.63939121,3.048173918,101,160,19.68391621,19.48902595,10,62.5,558.7436584,4
10.09692923,46.43944875,4.599363596,114,168,13.04528305,11.44323075,10,62.2,481.4222854,2
18.25700869,64.56658673,3.536536999,107,151,16.96574927,15.85584044,10,61.5,661.807514,1
17.14158613,72.05662795,4.203614962,115,156,14.27342907,12.41167745,10,63.1,757.7955373,1
17.38242335,77.42393076,4.454150564,110,160,13.47058191,12.24598355,10,62.5,806.4992788,1
13.68915975,66.03974536,4.82423659,105,154,12.43720097,11.8449533,10,62.5,687.9140142,2
11.34439888,44.47839374,3.920736059,120,156,15.30324896,12.75270747,10,62.2,461.0926818,1
